yearID,Rank,G,W,L,LgWin,WSWin,R,AB,H,BB,SB,ER,ERA,HA,E,DP,name,attendance,BPF,PPF
2001,3,162,75,87,N,N,691,5551,1447,494,116.0,671,4.2,1452,103,142.0,Anaheim Angels,2000919.0,101,101
2001,1,162,92,70,Y,Y,818,5595,1494,587,71.0,627,3.87,1352,84,148.0,Arizona Diamondbacks,2736451.0,108,107
2001,1,162,88,74,N,N,729,5498,1432,493,85.0,578,3.59,1363,103,133.0,Atlanta Braves,2823530.0,103,102
2001,4,162,63,98,N,N,687,5472,1359,514,133.0,744,4.67,1504,125,137.0,Baltimore Orioles,3094841.0,95,96
2001,2,161,82,79,N,N,772,5605,1493,520,46.0,667,4.15,1412,113,129.0,Boston Red Sox,2625333.0,102,101
2001,3,162,83,79,N,N,798,5464,1463,520,123.0,725,4.55,1465,118,149.0,Chicago White Sox,1766172.0,104,103
2001,3,162,88,74,N,N,777,5406,1409,577,67.0,643,4.03,1357,109,113.0,Chicago Cubs,2779465.0,95,95
2001,5,162,66,96,N,N,735,5583,1464,468,103.0,765,4.77,1572,138,136.0,Cincinnati Reds,1879757.0,105,105
2001,1,162,91,71,N,N,897,5600,1559,577,79.0,746,4.64,1512,107,137.0,Cleveland Indians,3175523.0,100,100
2001,5,162,73,89,N,N,923,5690,1663,511,132.0,841,5.29,1522,96,167.0,Colorado Rockies,3166821.0,122,122
2001,4,162,66,96,N,N,724,5537,1439,466,133.0,795,5.01,1624,131,164.0,Detroit Tigers,1921305.0,93,95
2001,4,162,76,86,N,N,742,5542,1461,470,89.0,691,4.32,1397,103,174.0,Florida Marlins,1261226.0,97,97
2001,1,162,93,69,N,N,847,5528,1500,581,64.0,707,4.37,1453,110,138.0,Houston Astros,2904277.0,107,106
2001,5,162,65,97,N,N,729,5643,1503,406,100.0,779,4.87,1537,117,204.0,Kansas City Royals,1536371.0,107,108
2001,3,162,86,76,N,N,758,5493,1399,519,89.0,685,4.25,1387,116,138.0,Los Angeles Dodgers,3017143.0,92,91
2001,4,162,68,94,N,N,740,5488,1378,488,66.0,740,4.64,1452,103,156.0,Milwaukee Brewers,2811041.0,98,99
2001,2,162,85,77,N,N,771,5560,1514,495,146.0,722,4.51,1494,108,118.0,Minnesota Twins,1782929.0,102,102
2001,5,162,68,94,N,N,670,5379,1361,478,101.0,745,4.68,1509,108,139.0,Montreal Expos,642745.0,101,102
2001,1,161,95,65,Y,N,804,5577,1488,519,161.0,649,4.02,1429,109,132.0,New York Yankees,3264907.0,102,100
2001,3,162,82,80,N,N,642,5459,1361,545,66.0,654,4.07,1418,101,132.0,New York Mets,2658330.0,96,96
2001,2,162,102,60,N,N,884,5573,1469,640,68.0,583,3.59,1384,125,151.0,Oakland Athletics,2133277.0,99,97
2001,2,162,86,76,N,N,746,5497,1431,551,153.0,667,4.15,1417,91,145.0,Philadelphia Phillies,1782054.0,98,98
2001,6,162,62,100,N,N,657,5398,1333,467,93.0,794,5.05,1493,133,168.0,Pittsburgh Pirates,2464870.0,103,105
2001,4,162,79,83,N,N,789,5482,1379,678,129.0,724,4.52,1519,145,127.0,San Diego Padres,2378128.0,91,92
2001,1,162,116,46,N,N,927,5680,1637,614,174.0,576,3.54,1293,83,137.0,Seattle Mariners,3507326.0,94,93
2001,2,162,90,72,N,N,799,5612,1493,625,57.0,680,4.18,1437,118,170.0,San Francisco Giants,3311958.0,93,92
2001,2,162,93,69,N,N,814,5450,1469,529,91.0,627,3.93,1389,110,156.0,St. Louis Cardinals,3109578.0,100,99
2001,5,162,62,100,N,N,672,5524,1426,456,115.0,781,4.94,1513,139,144.0,Tampa Bay Devil Rays,1298365.0,98,100
2001,4,162,73,89,N,N,890,5685,1566,548,97.0,913,5.71,1670,114,167.0,Texas Rangers,2831021.0,104,105
2001,3,162,80,82,N,N,767,5663,1489,470,156.0,696,4.28,1553,97,184.0,Toronto Blue Jays,1915438.0,102,103
2002,2,162,99,63,Y,Y,851,5678,1603,462,117.0,595,3.69,1345,87,151.0,Anaheim Angels,2305547.0,100,99
2002,1,162,98,64,N,N,819,5508,1471,643,92.0,630,3.92,1361,89,116.0,Arizona Diamondbacks,3198977.0,111,111
2002,1,161,101,59,N,N,708,5495,1428,558,76.0,511,3.13,1302,114,170.0,Atlanta Braves,2603484.0,102,101
2002,4,162,67,95,N,N,667,5491,1353,452,110.0,719,4.46,1491,91,173.0,Baltimore Orioles,2682439.0,95,96
2002,2,162,93,69,N,N,859,5640,1560,545,80.0,603,3.75,1339,104,140.0,Boston Red Sox,2650862.0,103,102
2002,2,162,81,81,N,N,856,5502,1475,555,75.0,716,4.53,1422,97,157.0,Chicago White Sox,1676911.0,102,101
2002,5,162,67,95,N,N,706,5496,1351,585,63.0,687,4.29,1373,114,144.0,Chicago Cubs,2693096.0,98,98
2002,3,162,78,84,N,N,709,5470,1386,583,116.0,690,4.27,1502,120,169.0,Cincinnati Reds,1855787.0,104,105
2002,3,162,74,88,N,N,739,5423,1349,542,52.0,777,4.91,1508,113,161.0,Cleveland Indians,2616940.0,97,98
2002,4,162,73,89,N,N,778,5512,1508,497,103.0,825,5.2,1554,112,158.0,Colorado Rockies,2737838.0,116,116
2002,5,161,55,106,N,N,575,5406,1340,363,65.0,773,4.92,1593,142,148.0,Detroit Tigers,1503623.0,92,95
2002,4,162,79,83,N,N,699,5496,1433,595,177.0,706,4.36,1449,106,163.0,Florida Marlins,813118.0,97,98
2002,2,162,84,78,N,N,749,5503,1441,589,71.0,642,4.0,1423,83,149.0,Houston Astros,2517357.0,106,105
2002,4,162,62,100,N,N,737,5535,1415,524,140.0,834,5.21,1587,130,153.0,Kansas City Royals,1323036.0,110,111
2002,3,162,92,70,N,N,713,5554,1464,428,96.0,598,3.69,1311,90,134.0,Los Angeles Dodgers,3131255.0,92,92
2002,6,162,56,106,N,N,627,5415,1369,500,94.0,752,4.73,1468,103,154.0,Milwaukee Brewers,1969153.0,98,99
2002,1,161,94,67,N,N,768,5582,1518,472,79.0,662,4.12,1454,74,124.0,Minnesota Twins,1924473.0,100,100
2002,2,162,83,79,N,N,735,5479,1432,575,118.0,641,3.97,1475,139,160.0,Montreal Expos,812045.0,103,103
2002,1,161,103,58,N,N,897,5601,1540,640,100.0,625,3.87,1441,127,117.0,New York Yankees,3465807.0,100,99
2002,5,161,75,86,N,N,690,5496,1409,486,87.0,624,3.89,1408,144,138.0,New York Mets,2804838.0,97,97
2002,1,162,103,59,N,N,800,5558,1450,609,46.0,593,3.68,1391,102,144.0,Oakland Athletics,2169811.0,98,97
2002,3,161,80,81,N,N,710,5523,1428,640,104.0,671,4.17,1381,88,156.0,Philadelphia Phillies,1618467.0,94,94
2002,4,161,72,89,N,N,641,5330,1300,537,86.0,664,4.23,1447,115,177.0,Pittsburgh Pirates,1784988.0,102,103
2002,5,162,66,96,N,N,662,5515,1393,547,71.0,737,4.62,1522,128,162.0,San Diego Padres,2220601.0,90,91
2002,3,162,93,69,N,N,814,5569,1531,629,137.0,654,4.07,1422,88,134.0,Seattle Mariners,3542938.0,97,95
2002,2,162,95,66,Y,N,783,5497,1465,616,74.0,566,3.54,1349,90,166.0,San Francisco Giants,3253203.0,95,94
2002,1,162,97,65,N,N,787,5505,1475,542,86.0,595,3.7,1355,103,168.0,St. Louis Cardinals,3011756.0,98,97
2002,5,161,55,106,N,N,673,5604,1418,456,102.0,846,5.29,1567,126,168.0,Tampa Bay Devil Rays,1065742.0,97,99
2002,4,162,72,90,N,N,843,5618,1510,554,62.0,824,5.15,1528,99,152.0,Texas Rangers,2352397.0,106,107
2002,3,162,78,84,N,N,813,5581,1457,522,71.0,767,4.8,1504,107,159.0,Toronto Blue Jays,1637900.0,104,104
2003,3,162,77,85,N,N,736,5487,1473,476,129.0,680,4.28,1444,105,138.0,Anaheim Angels,3061094.0,98,97
2003,3,162,84,78,N,N,717,5570,1467,531,76.0,621,3.84,1379,107,132.0,Arizona Diamondbacks,2805542.0,108,109
2003,1,162,101,61,N,N,907,5670,1608,545,68.0,663,4.1,1425,121,166.0,Atlanta Braves,2401084.0,101,100
2003,4,163,71,91,N,N,743,5665,1516,431,89.0,767,4.76,1579,105,164.0,Baltimore Orioles,2454523.0,99,99
2003,2,162,95,67,N,N,961,5769,1667,620,88.0,729,4.48,1503,113,130.0,Boston Red Sox,2724165.0,105,103
2003,2,162,86,76,N,N,791,5487,1445,519,77.0,663,4.17,1364,93,154.0,Chicago White Sox,1939524.0,102,102
2003,1,162,88,74,N,N,724,5519,1431,492,73.0,619,3.83,1304,106,157.0,Chicago Cubs,2962630.0,101,101
2003,5,162,69,93,N,N,694,5509,1349,524,80.0,818,5.09,1578,141,152.0,Cincinnati Reds,2355259.0,95,96
2003,4,162,68,94,N,N,699,5572,1413,466,86.0,682,4.21,1477,126,178.0,Cleveland Indians,1730002.0,96,97
2003,4,162,74,88,N,N,853,5518,1472,619,63.0,821,5.2,1629,116,165.0,Colorado Rockies,2334085.0,115,116
2003,5,162,43,119,N,N,591,5466,1312,443,98.0,847,5.3,1616,138,194.0,Detroit Tigers,1368245.0,93,95
2003,2,162,91,71,Y,Y,751,5490,1459,515,150.0,648,4.04,1415,78,162.0,Florida Marlins,1303215.0,98,98
2003,2,162,87,75,N,N,805,5583,1466,557,66.0,622,3.86,1350,95,149.0,Houston Astros,2454241.0,103,102
2003,3,162,83,79,N,N,836,5568,1526,476,120.0,808,5.05,1569,108,143.0,Kansas City Royals,1779895.0,107,108
2003,2,162,85,77,N,N,574,5458,1328,407,80.0,511,3.16,1254,119,164.0,Los Angeles Dodgers,3138626.0,94,94
2003,6,162,68,94,N,N,714,5548,1423,547,99.0,810,5.02,1590,114,142.0,Milwaukee Brewers,1700354.0,98,100
2003,1,162,90,72,N,N,801,5655,1567,512,94.0,716,4.41,1526,87,114.0,Minnesota Twins,1946011.0,101,100
2003,4,162,83,79,N,N,711,5437,1404,522,100.0,640,4.01,1467,102,152.0,Montreal Expos,1025639.0,105,105
2003,1,163,101,61,Y,N,877,5605,1518,684,98.0,653,4.02,1512,114,126.0,New York Yankees,3465600.0,98,97
2003,5,161,66,95,N,N,642,5341,1317,489,70.0,704,4.48,1497,118,158.0,New York Mets,2140599.0,97,98
2003,1,162,96,66,N,N,768,5497,1398,556,48.0,582,3.63,1336,107,145.0,Oakland Athletics,2216596.0,99,98
2003,3,162,86,76,N,N,791,5543,1448,651,72.0,648,4.04,1386,97,146.0,Philadelphia Phillies,2259948.0,93,93
2003,4,162,75,87,N,N,753,5581,1492,529,86.0,744,4.64,1527,123,159.0,Pittsburgh Pirates,1636751.0,102,102
2003,5,162,64,98,N,N,678,5531,1442,565,76.0,774,4.87,1458,102,141.0,San Diego Padres,2030084.0,91,92
2003,2,162,93,69,N,N,795,5561,1509,586,108.0,602,3.76,1340,65,159.0,Seattle Mariners,3268509.0,95,95
2003,1,161,100,61,N,N,755,5456,1440,593,53.0,595,3.73,1349,80,163.0,San Francisco Giants,3264898.0,99,98
2003,3,162,85,77,N,N,876,5672,1580,580,82.0,748,4.6,1544,77,138.0,St. Louis Cardinals,2910386.0,97,96
2003,5,162,63,99,N,N,715,5654,1501,420,142.0,787,4.93,1454,103,158.0,Tampa Bay Devil Rays,1058695.0,95,97
2003,4,162,71,91,N,N,826,5664,1506,488,65.0,903,5.67,1625,94,168.0,Texas Rangers,2094394.0,111,111
2003,3,162,86,76,N,N,894,5661,1580,546,37.0,748,4.69,1560,117,161.0,Toronto Blue Jays,1799458.0,104,104
2004,1,162,92,70,N,N,836,5675,1603,450,143.0,692,4.28,1476,90,126.0,Anaheim Angels,3375677.0,97,97
2004,5,162,51,111,N,N,615,5544,1401,441,53.0,794,4.98,1480,139,144.0,Arizona Diamondbacks,2519560.0,105,107
2004,1,162,96,66,N,N,803,5570,1503,587,86.0,603,3.74,1475,116,171.0,Atlanta Braves,2327565.0,101,100
2004,3,162,78,84,N,N,842,5736,1614,528,101.0,760,4.7,1488,110,161.0,Baltimore Orioles,2744018.0,98,99
2004,2,162,98,64,Y,Y,949,5720,1613,659,68.0,674,4.18,1430,118,129.0,Boston Red Sox,2837294.0,106,105
2004,2,162,83,79,N,N,865,5534,1481,499,78.0,782,4.91,1505,100,167.0,Chicago White Sox,1930537.0,102,102
2004,3,162,89,73,N,N,789,5628,1508,489,66.0,621,3.81,1363,86,126.0,Chicago Cubs,3170154.0,103,102
2004,4,162,76,86,N,N,750,5518,1380,599,77.0,832,5.19,1595,113,123.0,Cincinnati Reds,2287250.0,98,99
2004,3,162,80,82,N,N,858,5676,1565,606,94.0,784,4.81,1553,106,152.0,Cleveland Indians,1814401.0,94,94
2004,4,162,68,94,N,N,833,5577,1531,568,44.0,883,5.54,1634,89,161.0,Colorado Rockies,2338069.0,113,114
2004,4,162,72,90,N,N,827,5623,1531,518,86.0,788,4.93,1542,144,160.0,Detroit Tigers,1917004.0,95,96
2004,3,162,83,79,N,N,718,5486,1447,499,96.0,655,4.1,1395,86,153.0,Florida Marlins,1723105.0,95,95
2004,2,162,92,70,N,N,803,5468,1458,590,89.0,650,4.05,1416,101,136.0,Houston Astros,3087872.0,102,101
2004,5,162,58,104,N,N,720,5538,1432,461,67.0,813,5.15,1638,131,169.0,Kansas City Royals,1661478.0,102,103
2004,1,162,93,69,N,N,761,5542,1450,536,102.0,647,4.01,1386,73,145.0,Los Angeles Dodgers,3488283.0,95,95
2004,6,161,67,94,N,N,634,5483,1358,540,138.0,679,4.24,1440,117,132.0,Milwaukee Brewers,2062382.0,100,101
2004,1,162,92,70,N,N,780,5623,1494,513,116.0,661,4.03,1523,101,158.0,Minnesota Twins,1911490.0,103,102
2004,5,162,67,95,N,N,635,5474,1361,496,109.0,696,4.33,1477,99,172.0,Montreal Expos,749550.0,105,105
2004,1,162,101,61,N,N,897,5527,1483,670,84.0,752,4.69,1532,99,148.0,New York Yankees,3775292.0,98,97
2004,4,162,71,91,N,N,684,5532,1376,512,107.0,658,4.09,1452,137,144.0,New York Mets,2318951.0,99,99
2004,2,162,91,71,N,N,793,5728,1545,608,47.0,682,4.17,1466,91,172.0,Oakland Athletics,2201516.0,99,98
2004,2,162,86,76,N,N,840,5643,1505,645,100.0,724,4.45,1488,81,142.0,Philadelphia Phillies,3250092.0,105,104
2004,5,161,72,89,N,N,680,5483,1428,415,63.0,680,4.29,1451,103,189.0,Pittsburgh Pirates,1580031.0,99,100
2004,3,162,87,75,N,N,768,5573,1521,566,52.0,645,4.03,1460,108,146.0,San Diego Padres,3016752.0,90,90
2004,4,162,63,99,N,N,698,5722,1544,492,110.0,772,4.76,1498,103,140.0,Seattle Mariners,2940731.0,97,98
2004,2,162,91,71,N,N,850,5546,1500,705,43.0,695,4.29,1481,101,153.0,San Francisco Giants,3256854.0,101,101
2004,1,162,105,57,Y,N,855,5555,1544,548,111.0,605,3.75,1378,97,154.0,St. Louis Cardinals,3048427.0,100,99
2004,4,161,70,91,N,N,714,5483,1416,469,132.0,757,4.81,1459,119,139.0,Tampa Bay Devil Rays,1274911.0,96,98
2004,3,162,89,73,N,N,860,5615,1492,500,69.0,724,4.53,1536,117,152.0,Texas Rangers,2513685.0,108,109
2004,5,161,67,94,N,N,719,5531,1438,513,58.0,775,4.91,1505,91,150.0,Toronto Blue Jays,1900041.0,104,104
2005,2,162,77,85,N,N,696,5550,1419,606,67.0,783,4.84,1580,94,159.0,Arizona Diamondbacks,2059424.0,103,105
2005,1,162,90,72,N,N,769,5486,1453,534,92.0,639,3.98,1487,86,170.0,Atlanta Braves,2521167.0,101,100
2005,4,162,74,88,N,N,729,5551,1492,447,83.0,724,4.56,1458,107,154.0,Baltimore Orioles,2624740.0,99,99
2005,2,162,95,67,N,N,910,5626,1579,653,45.0,752,4.74,1550,109,135.0,Boston Red Sox,2847888.0,104,104
2005,1,162,99,63,Y,Y,741,5529,1450,435,137.0,592,3.61,1392,94,166.0,Chicago White Sox,2342833.0,103,103
2005,4,162,79,83,N,N,703,5584,1506,419,65.0,671,4.19,1357,101,136.0,Chicago Cubs,3099992.0,104,104
2005,5,163,73,89,N,N,820,5565,1453,611,72.0,820,5.15,1657,104,133.0,Cincinnati Reds,1943067.0,100,101
2005,2,162,93,69,N,N,790,5609,1522,503,62.0,582,3.61,1363,106,156.0,Cleveland Indians,2013763.0,96,96
2005,5,162,67,95,N,N,740,5542,1477,509,65.0,808,5.13,1600,118,158.0,Colorado Rockies,1914389.0,112,113
2005,4,162,71,91,N,N,723,5602,1521,384,66.0,719,4.51,1504,110,171.0,Detroit Tigers,2024431.0,98,98
2005,3,162,83,79,N,N,717,5502,1499,512,96.0,666,4.16,1459,103,177.0,Florida Marlins,1852608.0,94,94
2005,2,163,89,73,Y,N,693,5462,1400,481,115.0,563,3.51,1336,89,146.0,Houston Astros,2804760.0,101,100
2005,5,162,56,106,N,N,701,5503,1445,424,53.0,862,5.49,1640,125,163.0,Kansas City Royals,1371181.0,99,101
2005,1,162,95,67,N,N,761,5624,1520,447,161.0,598,3.68,1419,87,139.0,Los Angeles Angels of Anaheim,3404686.0,98,97
2005,4,162,71,91,N,N,685,5433,1374,541,58.0,695,4.38,1434,106,141.0,Los Angeles Dodgers,3603646.0,98,97
2005,3,162,81,81,N,N,726,5448,1413,531,79.0,635,3.97,1382,119,139.0,Milwaukee Brewers,2211023.0,101,101
2005,3,162,83,79,N,N,688,5564,1441,485,102.0,604,3.71,1458,102,171.0,Minnesota Twins,2034243.0,102,102
2005,1,162,95,67,N,N,886,5624,1552,637,84.0,718,4.52,1495,95,151.0,New York Yankees,4090696.0,98,97
2005,3,162,83,79,N,N,722,5505,1421,486,153.0,599,3.76,1390,106,146.0,New York Mets,2829929.0,98,97
2005,2,162,88,74,N,N,772,5627,1476,537,31.0,594,3.69,1315,88,166.0,Oakland Athletics,2109118.0,101,100
2005,2,162,88,74,N,N,807,5542,1494,639,116.0,672,4.21,1379,90,132.0,Philadelphia Phillies,2665304.0,105,104
2005,6,162,67,95,N,N,680,5573,1445,471,73.0,706,4.42,1456,117,193.0,Pittsburgh Pirates,1817245.0,99,100
2005,1,162,82,80,N,N,684,5502,1416,600,99.0,668,4.13,1452,109,136.0,San Diego Padres,2869787.0,92,91
2005,4,162,69,93,N,N,699,5507,1408,466,102.0,712,4.49,1483,86,144.0,Seattle Mariners,2725459.0,95,96
2005,3,162,75,87,N,N,649,5462,1427,431,71.0,695,4.33,1456,90,146.0,San Francisco Giants,3181023.0,101,101
2005,1,162,100,62,N,N,805,5538,1494,534,83.0,560,3.49,1399,100,196.0,St. Louis Cardinals,3538988.0,101,100
2005,5,162,67,95,N,N,750,5552,1519,412,151.0,851,5.39,1570,124,139.0,Tampa Bay Devil Rays,1141669.0,99,100
2005,3,162,79,83,N,N,865,5716,1528,495,67.0,794,4.96,1589,108,149.0,Texas Rangers,2525221.0,106,106
2005,3,162,80,82,N,N,775,5581,1480,486,72.0,653,4.06,1475,95,154.0,Toronto Blue Jays,2014995.0,102,102
2005,5,162,81,81,N,N,639,5426,1367,491,45.0,627,3.87,1456,92,156.0,Washington Nationals,2731993.0,95,96
2006,4,162,76,86,N,N,773,5645,1506,504,76.0,727,4.48,1503,104,172.0,Arizona Diamondbacks,2091685.0,105,105
2006,3,162,79,83,N,N,849,5583,1510,526,52.0,736,4.6,1529,99,146.0,Atlanta Braves,2550524.0,100,99
2006,4,162,70,92,N,N,768,5610,1556,474,121.0,843,5.35,1579,102,156.0,Baltimore Orioles,2153139.0,99,100
2006,3,162,86,76,N,N,820,5619,1510,672,51.0,773,4.83,1570,66,174.0,Boston Red Sox,2930588.0,105,104
2006,3,162,90,72,N,N,868,5657,1586,502,93.0,743,4.61,1534,90,145.0,Chicago White Sox,2957414.0,104,104
2006,6,162,66,96,N,N,716,5587,1496,395,121.0,758,4.74,1396,106,122.0,Chicago Cubs,3123215.0,103,103
2006,3,162,80,82,N,N,749,5515,1419,614,124.0,725,4.51,1576,128,139.0,Cincinnati Reds,2134607.0,104,104
2006,4,162,78,84,N,N,870,5619,1576,556,55.0,698,4.41,1583,118,165.0,Cleveland Indians,1997995.0,99,98
2006,4,162,76,86,N,N,813,5562,1504,561,85.0,749,4.66,1549,91,190.0,Colorado Rockies,2104362.0,109,109
2006,2,162,95,67,Y,N,822,5642,1548,430,60.0,618,3.84,1420,106,162.0,Detroit Tigers,2595937.0,100,100
2006,4,162,78,84,N,N,758,5502,1454,497,110.0,696,4.37,1465,126,166.0,Florida Marlins,1164134.0,95,96
2006,2,162,82,80,N,N,735,5521,1407,585,79.0,666,4.08,1425,80,164.0,Houston Astros,3022763.0,100,99
2006,5,162,62,100,N,N,757,5589,1515,474,65.0,896,5.65,1648,98,189.0,Kansas City Royals,1372638.0,101,103
2006,2,162,89,73,N,N,766,5609,1539,486,148.0,652,4.04,1410,124,154.0,Los Angeles Angels of Anaheim,3406790.0,100,100
2006,2,162,88,74,N,N,820,5628,1552,601,128.0,686,4.23,1524,115,174.0,Los Angeles Dodgers,3758545.0,101,100
2006,4,162,75,87,N,N,730,5433,1400,502,71.0,763,4.82,1454,117,126.0,Milwaukee Brewers,2335643.0,101,101
2006,1,162,96,66,N,N,801,5602,1608,490,101.0,632,3.95,1490,84,135.0,Minnesota Twins,2285018.0,98,98
2006,1,162,97,65,N,N,930,5651,1608,649,139.0,708,4.41,1463,104,145.0,New York Yankees,4248067.0,101,99
2006,1,162,97,65,N,N,834,5558,1469,547,146.0,673,4.14,1402,104,131.0,New York Mets,3379535.0,98,97
2006,1,162,93,69,N,N,771,5500,1429,650,61.0,679,4.21,1525,84,173.0,Oakland Athletics,1976625.0,97,97
2006,2,162,85,77,N,N,865,5687,1518,626,92.0,747,4.6,1561,104,153.0,Philadelphia Phillies,2701815.0,105,104
2006,5,162,67,95,N,N,691,5558,1462,459,68.0,720,4.52,1545,104,168.0,Pittsburgh Pirates,1861549.0,98,99
2006,1,162,88,74,N,N,731,5576,1465,564,123.0,629,3.87,1385,92,138.0,San Diego Padres,2659757.0,91,90
2006,4,162,78,84,N,N,756,5670,1540,404,106.0,739,4.6,1500,88,150.0,Seattle Mariners,2481165.0,97,97
2006,3,161,76,85,N,N,746,5472,1418,494,58.0,735,4.63,1422,91,132.0,San Francisco Giants,3130313.0,100,100
2006,1,161,83,78,Y,Y,781,5522,1484,531,59.0,721,4.54,1475,98,170.0,St. Louis Cardinals,3407104.0,99,99
2006,5,162,61,101,N,N,689,5474,1395,441,134.0,782,4.96,1600,116,156.0,Tampa Bay Devil Rays,1368950.0,99,101
2006,3,162,80,82,N,N,835,5659,1571,505,53.0,731,4.6,1558,98,174.0,Texas Rangers,2388757.0,101,101
2006,2,162,87,75,N,N,809,5596,1591,514,65.0,694,4.37,1447,99,157.0,Toronto Blue Jays,2302212.0,100,100
2006,5,162,71,91,N,N,746,5495,1437,594,123.0,803,5.03,1535,131,123.0,Washington Nationals,2153056.0,94,95
2007,1,162,90,72,N,N,712,5398,1350,532,109.0,662,4.13,1446,106,157.0,Arizona Diamondbacks,2325249.0,107,107
2007,3,162,84,78,N,N,810,5689,1562,534,64.0,665,4.11,1442,107,141.0,Atlanta Braves,2745207.0,98,98
2007,4,162,69,93,N,N,756,5631,1529,500,144.0,827,5.17,1491,79,155.0,Baltimore Orioles,2164822.0,101,102
2007,1,162,96,66,Y,Y,867,5589,1561,689,96.0,618,3.87,1350,81,145.0,Boston Red Sox,2970755.0,106,105
2007,4,162,72,90,N,N,693,5441,1341,532,78.0,763,4.77,1556,108,168.0,Chicago White Sox,2684395.0,104,104
2007,1,162,85,77,N,N,752,5643,1530,500,86.0,650,4.04,1340,94,134.0,Chicago Cubs,3252462.0,105,104
2007,5,162,72,90,N,N,783,5607,1496,536,97.0,796,4.94,1605,95,155.0,Cincinnati Reds,2058593.0,104,104
2007,1,162,96,66,N,N,811,5604,1504,590,72.0,658,4.05,1519,92,167.0,Cleveland Indians,2275912.0,101,100
2007,2,163,90,73,Y,N,860,5691,1591,622,100.0,706,4.32,1497,68,180.0,Colorado Rockies,2376250.0,107,108
2007,2,162,88,74,N,N,887,5757,1652,474,103.0,735,4.57,1498,99,148.0,Detroit Tigers,3047133.0,102,101
2007,5,162,71,91,N,N,790,5627,1504,521,105.0,793,4.94,1617,137,159.0,Florida Marlins,1370511.0,97,98
2007,4,162,73,89,N,N,723,5605,1457,547,65.0,761,4.68,1566,103,128.0,Houston Astros,3020405.0,100,100
2007,5,162,69,93,N,N,706,5534,1447,428,78.0,716,4.48,1547,106,160.0,Kansas City Royals,1616867.0,100,101
2007,1,162,94,68,N,N,822,5554,1578,507,139.0,674,4.23,1480,101,154.0,Los Angeles Angels of Anaheim,3365632.0,101,100
2007,4,162,82,80,N,N,735,5614,1544,511,137.0,677,4.2,1443,114,160.0,Los Angeles Dodgers,3857036.0,101,100
2007,2,162,83,79,N,N,801,5554,1455,501,96.0,708,4.41,1513,109,144.0,Milwaukee Brewers,2869144.0,100,100
2007,3,162,79,83,N,N,718,5522,1460,512,112.0,663,4.15,1505,95,151.0,Minnesota Twins,2296383.0,95,95
2007,2,162,94,68,N,N,968,5717,1656,637,123.0,724,4.49,1498,88,174.0,New York Yankees,4271083.0,101,100
2007,2,162,88,74,N,N,804,5605,1543,549,200.0,687,4.26,1415,101,124.0,New York Mets,3853955.0,98,97
2007,3,162,76,86,N,N,741,5577,1430,664,52.0,689,4.28,1468,90,153.0,Oakland Athletics,1921844.0,94,94
2007,1,162,89,73,N,N,892,5688,1558,641,138.0,767,4.73,1555,89,162.0,Philadelphia Phillies,3108325.0,104,103
2007,6,162,68,94,N,N,724,5569,1463,463,68.0,793,4.93,1627,83,190.0,Pittsburgh Pirates,1749142.0,97,98
2007,3,163,89,74,N,N,741,5612,1408,557,55.0,611,3.7,1406,92,147.0,San Diego Padres,2790074.0,90,90
2007,2,162,88,74,N,N,794,5684,1629,389,81.0,754,4.73,1578,90,167.0,Seattle Mariners,2672223.0,96,97
2007,5,162,71,91,N,N,683,5538,1407,532,119.0,677,4.19,1442,88,148.0,San Francisco Giants,3223215.0,101,101
2007,3,162,78,84,N,N,725,5529,1513,506,56.0,741,4.65,1514,121,155.0,St. Louis Cardinals,3552180.0,99,99
2007,5,162,66,96,N,N,782,5593,1500,545,131.0,879,5.53,1649,117,155.0,Tampa Bay Devil Rays,1387603.0,98,100
2007,4,162,75,87,N,N,816,5555,1460,503,88.0,755,4.75,1525,124,179.0,Texas Rangers,2353862.0,101,101
2007,3,162,83,79,N,N,753,5536,1434,533,57.0,644,4.0,1383,102,160.0,Toronto Blue Jays,2360644.0,100,99
2007,4,162,73,89,N,N,673,5520,1415,524,69.0,736,4.58,1502,109,153.0,Washington Nationals,1943812.0,94,95
2008,2,162,82,80,N,N,720,5409,1355,587,58.0,635,3.98,1403,113,137.0,Arizona Diamondbacks,2509924.0,108,108
2008,4,162,72,90,N,N,753,5604,1514,618,58.0,714,4.46,1439,107,149.0,Atlanta Braves,2532834.0,98,98
2008,5,161,68,93,N,N,782,5559,1486,533,81.0,810,5.13,1538,100,163.0,Baltimore Orioles,1950075.0,101,102
2008,2,162,95,67,N,N,845,5596,1565,646,120.0,645,4.01,1369,85,149.0,Boston Red Sox,3048250.0,108,106
2008,1,163,89,74,N,N,811,5553,1458,540,67.0,658,4.06,1471,108,155.0,Chicago White Sox,2500648.0,105,105
2008,1,161,97,64,N,N,855,5588,1552,636,87.0,624,3.87,1329,99,118.0,Chicago Cubs,3300200.0,108,107
2008,5,162,74,88,N,N,704,5465,1351,560,85.0,729,4.55,1542,114,156.0,Cincinnati Reds,2058632.0,102,103
2008,3,162,81,81,N,N,805,5543,1455,560,77.0,711,4.45,1530,94,182.0,Cleveland Indians,2169760.0,98,98
2008,3,162,74,88,N,N,747,5557,1462,570,141.0,766,4.77,1547,96,176.0,Colorado Rockies,2650218.0,109,109
2008,5,162,74,88,N,N,821,5641,1529,572,63.0,786,4.9,1541,113,172.0,Detroit Tigers,3202645.0,103,103
2008,3,161,84,77,N,N,770,5499,1397,543,76.0,707,4.43,1421,117,122.0,Florida Marlins,1335076.0,101,101
2008,3,161,86,75,N,N,712,5451,1432,449,114.0,691,4.36,1453,67,142.0,Houston Astros,2779487.0,98,98
2008,4,162,75,87,N,N,691,5608,1507,392,79.0,720,4.48,1473,96,159.0,Kansas City Royals,1578922.0,98,100
2008,1,162,100,62,N,N,765,5540,1486,481,129.0,644,3.99,1455,91,159.0,Los Angeles Angels of Anaheim,3336747.0,103,102
2008,1,162,84,78,N,N,700,5506,1455,543,126.0,591,3.68,1381,101,138.0,Los Angeles Dodgers,3730553.0,98,97
2008,2,162,90,72,N,N,750,5535,1398,550,108.0,623,3.85,1415,101,160.0,Milwaukee Brewers,3068458.0,98,98
2008,2,163,88,75,N,N,829,5641,1572,529,102.0,675,4.16,1568,108,168.0,Minnesota Twins,2302431.0,96,96
2008,3,162,89,73,N,N,789,5572,1512,535,118.0,685,4.28,1478,83,141.0,New York Yankees,4298655.0,103,102
2008,2,162,89,73,N,N,799,5606,1491,619,138.0,662,4.07,1415,83,126.0,New York Mets,4042045.0,99,98
2008,3,161,75,86,N,N,646,5451,1318,574,88.0,640,4.01,1364,98,169.0,Oakland Athletics,1665256.0,95,95
2008,1,162,92,70,Y,Y,799,5509,1407,586,136.0,625,3.88,1444,90,142.0,Philadelphia Phillies,3422583.0,103,102
2008,6,162,67,95,N,N,735,5628,1454,474,57.0,822,5.08,1631,107,179.0,Pittsburgh Pirates,1609076.0,96,98
2008,5,162,63,99,N,N,637,5568,1390,518,36.0,714,4.41,1466,85,149.0,San Diego Padres,2427535.0,88,88
2008,4,162,61,101,N,N,671,5643,1498,417,90.0,754,4.73,1544,99,160.0,Seattle Mariners,2329702.0,97,97
2008,4,162,72,90,N,N,640,5543,1452,452,108.0,701,4.38,1416,96,129.0,San Francisco Giants,2863837.0,102,103
2008,4,162,86,76,N,N,779,5636,1585,577,73.0,677,4.19,1517,85,156.0,St. Louis Cardinals,3432917.0,99,99
2008,1,162,97,65,Y,N,774,5541,1443,626,142.0,618,3.82,1349,90,153.0,Tampa Bay Rays,1811986.0,101,101
2008,2,162,79,83,N,N,901,5728,1619,595,81.0,860,5.37,1647,132,191.0,Texas Rangers,1945677.0,102,102
2008,4,162,86,76,N,N,714,5503,1453,521,80.0,561,3.49,1330,84,137.0,Toronto Blue Jays,2399786.0,98,97
2008,5,161,59,102,N,N,641,5491,1376,534,81.0,742,4.66,1496,123,143.0,Washington Nationals,2320400.0,99,100
2009,5,162,70,92,N,N,720,5565,1408,571,102.0,711,4.42,1470,124,133.0,Arizona Diamondbacks,2128765.0,105,106
2009,3,162,86,76,N,N,735,5539,1459,602,58.0,581,3.57,1399,96,159.0,Atlanta Braves,2373631.0,99,98
2009,5,162,64,98,N,N,741,5618,1508,517,76.0,817,5.15,1633,90,151.0,Baltimore Orioles,1907163.0,101,102
2009,2,162,95,67,N,N,872,5543,1495,659,126.0,695,4.35,1494,82,121.0,Boston Red Sox,3062699.0,106,105
2009,3,162,79,83,N,N,724,5463,1410,534,113.0,663,4.14,1438,113,158.0,Chicago White Sox,2284163.0,105,105
2009,2,161,83,78,N,N,707,5486,1398,592,56.0,616,3.84,1329,105,144.0,Chicago Cubs,3168859.0,107,106
2009,4,162,78,84,N,N,673,5462,1349,531,96.0,677,4.18,1420,89,161.0,Cincinnati Reds,1747919.0,100,100
2009,4,162,65,97,N,N,773,5568,1468,582,84.0,806,5.06,1570,97,170.0,Cleveland Indians,1766242.0,95,95
2009,2,162,92,70,N,N,804,5398,1408,660,106.0,675,4.22,1427,87,146.0,Colorado Rockies,2665080.0,112,112
2009,2,163,86,77,N,N,743,5540,1443,540,72.0,690,4.29,1449,88,164.0,Detroit Tigers,2567165.0,101,102
2009,2,162,87,75,N,N,772,5572,1493,568,75.0,690,4.29,1425,106,129.0,Florida Marlins,1464109.0,102,102
2009,5,162,74,88,N,N,643,5436,1415,448,113.0,722,4.54,1521,78,161.0,Houston Astros,2521076.0,98,98
2009,4,162,65,97,N,N,686,5532,1432,457,88.0,765,4.83,1486,117,159.0,Kansas City Royals,1797891.0,97,99
2009,1,162,97,65,N,N,883,5622,1604,547,148.0,715,4.45,1513,85,174.0,Los Angeles Angels of Anaheim,3240386.0,99,98
2009,1,162,95,67,N,N,780,5592,1511,607,116.0,558,3.41,1265,83,134.0,Los Angeles Dodgers,3761655.0,96,95
2009,3,162,80,82,N,N,785,5510,1447,610,68.0,770,4.83,1498,98,149.0,Milwaukee Brewers,3037451.0,98,98
2009,1,163,87,76,N,N,817,5608,1539,585,85.0,726,4.5,1542,76,135.0,Minnesota Twins,2416237.0,99,98
2009,1,162,103,59,Y,Y,915,5660,1604,663,111.0,687,4.26,1386,86,131.0,New York Yankees,3719358.0,105,103
2009,4,162,70,92,N,N,671,5453,1472,526,122.0,705,4.45,1452,97,134.0,New York Mets,3168571.0,97,97
2009,4,162,75,87,N,N,759,5584,1464,527,133.0,685,4.26,1486,105,155.0,Oakland Athletics,1408783.0,99,99
2009,1,162,93,69,Y,N,820,5578,1439,589,119.0,673,4.16,1479,76,132.0,Philadelphia Phillies,3600693.0,101,100
2009,6,161,62,99,N,N,636,5417,1364,499,90.0,723,4.59,1491,73,171.0,Pittsburgh Pirates,1577853.0,98,99
2009,4,162,75,87,N,N,638,5425,1315,586,82.0,704,4.37,1422,94,146.0,San Diego Padres,1919603.0,90,90
2009,3,162,85,77,N,N,640,5543,1430,421,89.0,625,3.87,1359,105,150.0,Seattle Mariners,2195533.0,94,96
2009,3,162,88,74,N,N,657,5493,1411,392,78.0,571,3.55,1268,88,138.0,San Francisco Giants,2862110.0,102,102
2009,1,162,91,71,N,N,730,5465,1436,528,75.0,586,3.66,1407,96,167.0,St. Louis Cardinals,3343252.0,98,97
2009,3,162,84,78,N,N,803,5462,1434,642,194.0,686,4.33,1421,98,135.0,Tampa Bay Rays,1874962.0,98,97
2009,2,162,87,75,N,N,784,5526,1436,472,149.0,698,4.38,1432,106,168.0,Texas Rangers,2156016.0,104,104
2009,4,162,75,87,N,N,798,5696,1516,548,73.0,720,4.47,1509,76,168.0,Toronto Blue Jays,1876129.0,100,99
2009,5,162,59,103,N,N,710,5493,1416,617,73.0,791,5.0,1533,143,155.0,Washington Nationals,1817226.0,99,101
2010,5,162,65,97,N,N,713,5473,1366,589,86.0,765,4.81,1503,102,152.0,Arizona Diamondbacks,2056941.0,104,105
2010,2,162,91,71,N,N,738,5463,1411,634,63.0,569,3.56,1326,126,166.0,Atlanta Braves,2510119.0,98,97
2010,5,162,66,96,N,N,613,5554,1440,424,76.0,733,4.59,1508,105,141.0,Baltimore Orioles,1733018.0,101,102
2010,3,162,89,73,N,N,818,5646,1511,587,68.0,679,4.2,1402,111,132.0,Boston Red Sox,3046443.0,106,105
2010,2,162,88,74,N,N,752,5484,1467,467,160.0,658,4.09,1471,103,158.0,Chicago White Sox,2194378.0,105,105
2010,5,162,75,87,N,N,685,5512,1414,479,55.0,668,4.18,1409,126,137.0,Chicago Cubs,3062973.0,108,108
2010,1,162,91,71,N,N,790,5579,1515,522,93.0,648,4.01,1404,72,142.0,Cincinnati Reds,2060550.0,99,99
2010,4,162,69,93,N,N,646,5487,1362,545,91.0,684,4.3,1477,110,179.0,Cleveland Indians,1394812.0,93,93
2010,3,162,83,79,N,N,770,5530,1452,585,99.0,663,4.14,1405,101,182.0,Colorado Rockies,2875245.0,115,115
2010,3,162,81,81,N,N,751,5643,1515,546,69.0,690,4.3,1445,109,171.0,Detroit Tigers,2461237.0,101,101
2010,3,162,80,82,N,N,719,5531,1403,514,92.0,652,4.08,1433,123,130.0,Florida Marlins,1535226.0,105,104
2010,4,162,76,86,N,N,611,5452,1348,415,100.0,654,4.09,1446,103,135.0,Houston Astros,2331490.0,95,96
2010,5,162,67,95,N,N,676,5604,1534,471,115.0,794,4.97,1553,121,138.0,Kansas City Royals,1615324.0,99,101
2010,3,162,80,82,N,N,681,5488,1363,466,104.0,651,4.04,1422,113,116.0,Los Angeles Angels of Anaheim,3250816.0,98,98
2010,4,162,80,82,N,N,667,5426,1368,533,92.0,643,4.01,1323,98,124.0,Los Angeles Dodgers,3562320.0,95,95
2010,3,162,77,85,N,N,750,5606,1471,546,81.0,733,4.58,1487,101,142.0,Milwaukee Brewers,2776531.0,98,98
2010,1,162,94,68,N,N,781,5568,1521,559,68.0,638,3.95,1493,78,150.0,Minnesota Twins,3223640.0,101,100
2010,2,162,95,67,N,N,859,5567,1485,662,103.0,651,4.06,1349,69,161.0,New York Yankees,3765807.0,105,103
2010,4,162,79,83,N,N,656,5465,1361,502,130.0,597,3.7,1438,87,159.0,New York Mets,2559738.0,97,97
2010,2,162,81,81,N,N,663,5448,1396,527,156.0,566,3.56,1315,99,147.0,Oakland Athletics,1418391.0,100,100
2010,1,162,97,65,N,N,772,5581,1451,560,108.0,594,3.67,1402,83,158.0,Philadelphia Phillies,3647249.0,101,100
2010,6,162,57,105,N,N,587,5386,1303,463,87.0,784,5.0,1567,127,120.0,Pittsburgh Pirates,1613399.0,99,101
2010,2,162,90,72,N,N,665,5434,1338,538,124.0,549,3.39,1305,72,141.0,San Diego Padres,2131774.0,91,91
2010,4,162,61,101,N,N,513,5409,1274,459,142.0,628,3.93,1402,110,145.0,Seattle Mariners,2085488.0,93,95
2010,1,162,92,70,Y,Y,697,5488,1411,487,55.0,546,3.36,1279,73,110.0,San Francisco Giants,3037443.0,101,101
2010,2,162,86,76,N,N,736,5542,1456,541,79.0,577,3.57,1412,99,172.0,St. Louis Cardinals,3301218.0,97,97
2010,1,162,96,66,N,N,802,5439,1343,672,172.0,611,3.78,1347,85,134.0,Tampa Bay Rays,1843445.0,96,95
2010,1,162,90,72,Y,N,787,5635,1556,511,123.0,636,3.93,1355,105,133.0,Texas Rangers,2505171.0,105,104
2010,4,162,85,77,N,N,755,5495,1364,471,58.0,676,4.22,1407,92,172.0,Toronto Blue Jays,1625555.0,100,100
2010,5,162,69,93,N,N,655,5418,1355,503,110.0,658,4.13,1469,127,148.0,Washington Nationals,1828066.0,99,100
2011,1,162,94,68,N,N,731,5421,1357,531,133.0,609,3.8,1414,90,131.0,Arizona Diamondbacks,2105432.0,107,106
2011,2,162,89,73,N,N,641,5528,1345,504,77.0,572,3.48,1332,83,131.0,Atlanta Braves,2372940.0,98,98
2011,5,162,69,93,N,N,708,5585,1434,452,81.0,786,4.89,1568,110,159.0,Baltimore Orioles,1755461.0,96,97
2011,3,162,90,72,N,N,875,5710,1600,578,102.0,680,4.2,1366,92,120.0,Boston Red Sox,3054001.0,106,105
2011,3,162,79,83,N,N,654,5502,1387,475,81.0,665,4.1,1463,79,129.0,Chicago White Sox,2001117.0,99,100
2011,5,162,71,91,N,N,654,5549,1423,425,69.0,690,4.33,1439,134,128.0,Chicago Cubs,3017966.0,96,97
2011,3,162,79,83,N,N,735,5612,1438,535,97.0,678,4.16,1414,91,146.0,Cincinnati Reds,2213588.0,107,106
2011,2,162,80,82,N,N,704,5509,1380,494,89.0,683,4.23,1482,110,130.0,Cleveland Indians,1840835.0,96,97
2011,4,162,73,89,N,N,735,5544,1429,555,118.0,713,4.43,1471,98,156.0,Colorado Rockies,2909777.0,116,116
2011,1,162,95,67,N,N,787,5563,1540,521,49.0,647,4.04,1406,103,148.0,Detroit Tigers,2642045.0,103,102
2011,5,162,72,90,N,N,625,5508,1358,542,95.0,640,3.95,1403,93,126.0,Florida Marlins,1477462.0,99,100
2011,6,162,56,106,N,N,615,5598,1442,401,118.0,719,4.51,1477,116,140.0,Houston Astros,2067016.0,102,104
2011,4,162,71,91,N,N,730,5672,1560,442,153.0,716,4.44,1487,95,149.0,Kansas City Royals,1724450.0,101,101
2011,2,162,86,76,N,N,667,5513,1394,442,135.0,581,3.57,1388,93,157.0,Los Angeles Angels of Anaheim,3166321.0,93,93
2011,3,161,82,79,N,N,644,5436,1395,498,126.0,563,3.54,1287,85,121.0,Los Angeles Dodgers,2935139.0,98,98
2011,1,162,96,66,N,N,721,5447,1422,481,94.0,582,3.63,1348,111,130.0,Milwaukee Brewers,3071373.0,103,102
2011,5,162,63,99,N,N,619,5487,1357,440,92.0,724,4.58,1564,119,153.0,Minnesota Twins,3168116.0,95,97
2011,1,162,97,65,N,N,867,5518,1452,627,147.0,605,3.73,1423,102,141.0,New York Yankees,3653680.0,108,106
2011,4,162,77,85,N,N,718,5600,1477,571,130.0,674,4.19,1482,116,126.0,New York Mets,2352596.0,98,98
2011,3,162,74,88,N,N,645,5452,1330,509,117.0,597,3.71,1380,124,145.0,Oakland Athletics,1476791.0,97,98
2011,1,162,102,60,N,N,713,5579,1409,539,96.0,495,3.02,1320,74,135.0,Philadelphia Phillies,3680718.0,105,103
2011,4,162,72,90,N,N,610,5421,1325,489,108.0,650,4.04,1513,112,154.0,Pittsburgh Pirates,1940429.0,96,97
2011,5,162,71,91,N,N,593,5417,1284,501,170.0,551,3.42,1324,94,139.0,San Diego Padres,2143018.0,92,92
2011,4,162,67,95,N,N,556,5421,1263,435,125.0,621,3.9,1369,108,152.0,Seattle Mariners,1939421.0,94,95
2011,2,162,86,76,N,N,570,5486,1327,448,85.0,522,3.2,1260,104,127.0,San Francisco Giants,3387303.0,89,89
2011,2,162,90,72,Y,Y,762,5532,1513,542,57.0,608,3.74,1461,116,167.0,St. Louis Cardinals,3093954.0,95,94
2011,2,162,91,71,N,N,707,5436,1324,571,155.0,577,3.58,1263,73,138.0,Tampa Bay Rays,1529188.0,92,92
2011,1,162,96,66,Y,N,855,5659,1599,475,143.0,607,3.79,1327,114,164.0,Texas Rangers,2946949.0,117,115
2011,4,162,81,81,N,N,743,5559,1384,525,131.0,700,4.32,1433,110,148.0,Toronto Blue Jays,1818103.0,104,104
2011,3,161,80,81,N,N,624,5441,1319,470,106.0,577,3.58,1403,104,145.0,Washington Nationals,1940478.0,100,100
2012,3,162,81,81,N,N,734,5462,1416,539,93.0,626,3.93,1432,90,146.0,Arizona Diamondbacks,2177617.0,105,106
2012,2,162,94,68,N,N,700,5425,1341,567,101.0,549,3.42,1310,86,147.0,Atlanta Braves,2420171.0,102,101
2012,2,162,93,69,N,N,712,5560,1375,480,58.0,642,3.9,1433,106,151.0,Baltimore Orioles,2102240.0,102,103
2012,5,162,69,93,N,N,734,5604,1459,428,97.0,754,4.7,1449,101,159.0,Boston Red Sox,3043003.0,106,106
2012,2,162,85,77,N,N,748,5518,1409,461,109.0,646,4.02,1365,70,154.0,Chicago White Sox,1965955.0,106,106
2012,5,162,61,101,N,N,613,5411,1297,447,94.0,708,4.51,1399,105,148.0,Chicago Cubs,2882756.0,98,99
2012,1,162,97,65,N,N,669,5477,1377,481,87.0,540,3.34,1356,89,113.0,Cincinnati Reds,2347251.0,107,107
2012,4,162,68,94,N,N,667,5525,1385,555,110.0,766,4.78,1503,96,157.0,Cleveland Indians,1603596.0,93,95
2012,5,162,64,98,N,N,758,5577,1526,450,100.0,824,5.22,1637,122,139.0,Colorado Rockies,2630458.0,120,121
2012,1,162,88,74,Y,N,726,5476,1467,511,59.0,596,3.75,1409,99,127.0,Detroit Tigers,3028033.0,104,103
2012,6,162,55,107,N,N,583,5407,1276,463,105.0,721,4.56,1493,118,132.0,Houston Astros,1607733.0,99,101
2012,3,162,72,90,N,N,676,5636,1492,404,132.0,693,4.3,1504,113,171.0,Kansas City Royals,1739859.0,100,100
2012,3,162,89,73,N,N,767,5536,1518,449,134.0,640,4.02,1339,98,141.0,Los Angeles Angels of Anaheim,3061770.0,92,92
2012,2,162,86,76,N,N,637,5438,1369,481,104.0,538,3.34,1277,98,138.0,Los Angeles Dodgers,3324246.0,96,96
2012,5,162,69,93,N,N,609,5437,1327,484,149.0,655,4.09,1448,103,154.0,Miami Marlins,2219444.0,100,100
2012,3,162,83,79,N,N,776,5557,1442,466,158.0,682,4.22,1458,99,133.0,Milwaukee Brewers,2831385.0,104,104
2012,5,162,66,96,N,N,701,5562,1448,505,135.0,762,4.77,1536,107,188.0,Minnesota Twins,2776354.0,97,99
2012,1,162,95,67,N,N,804,5524,1462,565,93.0,617,3.84,1401,75,135.0,New York Yankees,3542406.0,103,102
2012,4,162,74,88,N,N,650,5450,1357,503,79.0,651,4.09,1368,101,135.0,New York Mets,2242803.0,96,97
2012,1,162,94,68,N,N,713,5527,1315,550,122.0,569,3.48,1360,111,135.0,Oakland Athletics,1679013.0,97,97
2012,3,162,81,81,N,N,684,5544,1414,454,116.0,618,3.83,1387,101,118.0,Philadelphia Phillies,3565718.0,102,101
2012,4,162,79,83,N,N,651,5412,1313,444,73.0,615,3.86,1357,112,126.0,Pittsburgh Pirates,2091918.0,93,94
2012,4,162,76,86,N,N,651,5422,1339,539,155.0,640,4.01,1356,121,97.0,San Diego Padres,2123721.0,92,92
2012,4,162,75,87,N,N,619,5494,1285,466,104.0,608,3.76,1359,72,155.0,Seattle Mariners,1721920.0,90,91
2012,1,162,94,68,Y,Y,718,5558,1495,483,118.0,593,3.68,1361,115,134.0,San Francisco Giants,3377371.0,88,88
2012,2,162,88,74,N,N,765,5622,1526,533,91.0,603,3.71,1420,107,149.0,St. Louis Cardinals,3262109.0,98,97
2012,3,162,90,72,N,N,697,5398,1293,571,134.0,518,3.19,1233,114,155.0,Tampa Bay Rays,1559681.0,94,93
2012,2,162,93,69,N,N,808,5590,1526,478,91.0,639,3.99,1378,85,136.0,Texas Rangers,3460280.0,112,111
2012,4,162,73,89,N,N,716,5487,1346,473,123.0,745,4.64,1439,101,167.0,Toronto Blue Jays,2099663.0,103,104
2012,1,162,98,64,N,N,731,5615,1468,479,105.0,543,3.33,1296,94,134.0,Washington Nationals,2370794.0,99,101
2013,2,162,81,81,N,N,685,5676,1468,519,62.0,651,3.92,1460,75,135.0,Arizona Diamondbacks,2134795.0,102,102
2013,1,162,96,66,N,N,688,5441,1354,542,64.0,512,3.18,1326,85,141.0,Atlanta Braves,2548679.0,104,103
2013,3,162,85,77,N,N,745,5620,1460,416,79.0,678,4.2,1438,54,165.0,Baltimore Orioles,2357561.0,106,105
2013,1,162,97,65,Y,Y,853,5651,1566,581,123.0,613,3.79,1366,80,142.0,Boston Red Sox,2833333.0,102,102
2013,5,162,63,99,N,N,598,5563,1385,411,105.0,643,3.98,1424,121,155.0,Chicago White Sox,1768413.0,107,107
2013,5,162,66,96,N,N,602,5498,1307,439,63.0,643,4.0,1332,100,129.0,Chicago Cubs,2642682.0,104,105
2013,3,162,90,72,N,N,698,5499,1370,585,67.0,554,3.38,1294,76,131.0,Cincinnati Reds,2534369.0,103,102
2013,2,162,92,70,N,N,745,5465,1391,562,117.0,611,3.82,1359,98,135.0,Cleveland Indians,1572926.0,93,94
2013,5,162,74,88,N,N,706,5599,1511,427,112.0,708,4.44,1545,90,162.0,Colorado Rockies,2793828.0,117,118
2013,1,162,93,69,N,N,796,5735,1625,531,35.0,587,3.61,1369,76,136.0,Detroit Tigers,3083397.0,106,105
2013,5,162,51,111,N,N,610,5457,1307,426,110.0,766,4.79,1530,125,168.0,Houston Astros,1651883.0,99,101
2013,3,162,86,76,N,N,648,5549,1443,422,153.0,555,3.45,1366,85,136.0,Kansas City Royals,1750754.0,103,103
2013,3,162,78,84,N,N,733,5588,1476,523,82.0,685,4.23,1475,112,135.0,Los Angeles Angels of Anaheim,3019505.0,94,94
2013,1,162,92,70,N,N,649,5491,1447,476,78.0,524,3.25,1321,109,160.0,Los Angeles Dodgers,3743527.0,95,95
2013,5,162,62,100,N,N,513,5449,1257,432,78.0,602,3.71,1376,88,144.0,Miami Marlins,1586322.0,102,103
2013,4,162,74,88,N,N,640,5474,1381,407,142.0,615,3.84,1401,114,153.0,Milwaukee Brewers,2531105.0,105,105
2013,4,162,66,96,N,N,614,5564,1346,533,52.0,733,4.55,1591,81,178.0,Minnesota Twins,2477644.0,99,101
2013,4,162,85,77,N,N,650,5449,1321,466,115.0,633,3.94,1452,69,139.0,New York Yankees,3279589.0,102,101
2013,4,162,74,88,N,N,619,5559,1318,512,114.0,618,3.77,1442,93,127.0,New York Mets,2135657.0,94,95
2013,1,162,96,66,N,N,767,5521,1403,573,74.0,574,3.56,1339,97,112.0,Oakland Athletics,1809302.0,95,93
2013,4,162,73,89,N,N,610,5456,1355,417,73.0,689,4.32,1465,97,141.0,Philadelphia Phillies,3012403.0,101,102
2013,2,162,94,68,N,N,634,5486,1346,469,94.0,533,3.26,1299,106,154.0,Pittsburgh Pirates,2256862.0,94,94
2013,3,162,76,86,N,N,618,5517,1349,467,118.0,643,3.98,1407,83,140.0,San Diego Padres,2166691.0,91,91
2013,4,162,71,91,N,N,624,5558,1318,529,49.0,702,4.31,1467,88,149.0,Seattle Mariners,1761546.0,92,92
2013,4,162,76,86,N,N,629,5552,1446,469,67.0,643,4.0,1380,107,128.0,San Francisco Giants,3326796.0,90,89
2013,1,162,97,65,Y,N,783,5557,1494,481,45.0,555,3.42,1366,75,177.0,St. Louis Cardinals,3369769.0,99,97
2013,2,163,92,71,N,N,700,5538,1421,589,73.0,608,3.74,1315,59,147.0,Tampa Bay Rays,1510300.0,96,95
2013,2,163,91,72,N,N,730,5585,1465,462,149.0,589,3.62,1370,86,146.0,Texas Rangers,3178273.0,104,103
2013,5,162,74,88,N,N,712,5537,1398,510,112.0,685,4.25,1451,111,145.0,Toronto Blue Jays,2536562.0,102,102
2013,2,162,86,76,N,N,656,5436,1365,464,88.0,576,3.59,1367,107,146.0,Washington Nationals,2652422.0,102,101
2014,5,162,64,98,N,N,615,5552,1379,398,86.0,683,4.26,1467,101,147.0,Arizona Diamondbacks,2073730.0,102,102
2014,2,162,79,83,N,N,573,5468,1316,472,95.0,547,3.38,1369,85,143.0,Atlanta Braves,2354305.0,99,99
2014,1,162,96,66,N,N,705,5596,1434,401,44.0,557,3.43,1342,87,156.0,Baltimore Orioles,2464473.0,100,100
2014,5,162,71,91,N,N,634,5551,1355,535,63.0,653,4.01,1458,92,155.0,Boston Red Sox,2956089.0,102,101
2014,4,162,73,89,N,N,660,5543,1400,417,85.0,687,4.29,1468,107,170.0,Chicago White Sox,1650821.0,100,101
2014,5,162,73,89,N,N,614,5508,1315,442,65.0,636,3.91,1398,103,137.0,Chicago Cubs,2652113.0,103,104
2014,4,162,76,86,N,N,595,5395,1282,415,122.0,576,3.59,1282,72,120.0,Cincinnati Reds,2476664.0,98,98
2014,3,162,85,77,N,N,669,5575,1411,504,104.0,581,3.56,1398,116,139.0,Cleveland Indians,1437393.0,97,97
2014,4,162,66,96,N,N,755,5612,1551,397,85.0,770,4.84,1528,106,166.0,Colorado Rockies,2680329.0,115,116
2014,1,162,90,72,N,N,757,5630,1557,443,106.0,648,4.01,1475,101,153.0,Detroit Tigers,2917209.0,105,104
2014,4,162,70,92,N,N,629,5447,1317,495,122.0,657,4.11,1437,106,151.0,Houston Astros,1751829.0,101,102
2014,2,162,89,73,Y,N,651,5545,1456,380,153.0,565,3.51,1386,104,122.0,Kansas City Royals,1956482.0,105,104
2014,1,162,98,64,N,N,773,5652,1464,492,81.0,590,3.58,1307,83,127.0,Los Angeles Angels of Anaheim,3095935.0,96,95
2014,1,162,94,68,N,N,718,5560,1476,519,138.0,554,3.4,1338,107,145.0,Los Angeles Dodgers,3782337.0,96,95
2014,4,162,77,85,N,N,645,5538,1399,501,58.0,613,3.78,1481,97,154.0,Miami Marlins,1732283.0,103,104
2014,3,162,82,80,N,N,650,5462,1366,423,102.0,594,3.67,1386,99,130.0,Milwaukee Brewers,2797384.0,102,103
2014,5,162,70,92,N,N,715,5567,1412,544,99.0,728,4.57,1588,97,136.0,Minnesota Twins,2250606.0,102,103
2014,2,162,84,78,N,N,633,5497,1349,452,112.0,605,3.75,1392,92,107.0,New York Yankees,3401624.0,100,101
2014,3,162,79,83,N,N,629,5472,1306,516,101.0,568,3.49,1370,104,158.0,New York Mets,2148808.0,94,95
2014,2,162,88,74,N,N,729,5545,1354,586,83.0,524,3.22,1269,111,150.0,Oakland Athletics,2003628.0,99,97
2014,5,162,73,89,N,N,619,5603,1356,443,109.0,619,3.79,1396,83,133.0,Philadelphia Phillies,2423852.0,100,101
2014,2,162,88,74,N,N,682,5536,1436,520,104.0,562,3.47,1341,109,148.0,Pittsburgh Pirates,2442564.0,98,97
2014,3,162,77,85,N,N,535,5294,1199,468,91.0,523,3.27,1300,101,124.0,San Diego Padres,2195373.0,91,91
2014,3,162,87,75,N,N,634,5450,1328,396,96.0,512,3.17,1240,82,139.0,Seattle Mariners,2064334.0,95,95
2014,2,162,88,74,Y,Y,665,5523,1407,427,56.0,564,3.5,1305,100,155.0,San Francisco Giants,3368697.0,95,95
2014,1,162,90,72,N,N,619,5426,1371,471,57.0,564,3.5,1321,88,145.0,St. Louis Cardinals,3540649.0,101,100
2014,4,162,77,85,N,N,612,5516,1361,527,63.0,579,3.56,1292,88,96.0,Tampa Bay Rays,1446464.0,97,97
2014,5,162,67,95,N,N,637,5460,1400,417,105.0,711,4.49,1510,106,155.0,Texas Rangers,2718733.0,101,101
2014,3,162,83,79,N,N,723,5549,1435,502,78.0,642,4.0,1400,87,130.0,Toronto Blue Jays,2375525.0,102,102
2014,1,162,96,66,N,N,686,5542,1403,517,101.0,495,3.03,1351,100,139.0,Washington Nationals,2579389.0,104,102
2015,1,162,95,67,Y,Y,724,5575,1497,383,104.0,601,3.73,1372,88,138.0,Kansas City Royals,2708549.0,104,103
2015,2,162,83,79,N,N,696,5467,1349,439,70.0,653,4.07,1506,86,150.0,Minnesota Twins,2220054.0,103,104
2015,3,161,81,80,N,N,669,5439,1395,533,86.0,584,3.67,1274,79,136.0,Cleveland Indians,1388905.0,106,106
2015,4,162,76,86,N,N,622,5533,1381,404,68.0,643,3.98,1443,101,159.0,Chicago White Sox,1755810.0,97,96
2015,5,161,74,87,N,N,689,5605,1515,455,83.0,746,4.64,1491,86,165.0,Detroit Tigers,2726048.0,97,98
2015,1,162,93,69,N,N,891,5509,1480,570,88.0,609,3.8,1353,88,145.0,Toronto Blue Jays,2794891.0,99,98
2015,2,162,87,75,N,N,764,5567,1397,554,63.0,652,4.03,1416,93,135.0,New York Yankees,3193795.0,99,101
2015,3,162,81,81,N,N,713,5485,1370,418,44.0,646,4.05,1406,77,134.0,Baltimore Orioles,2281202.0,103,104
2015,4,162,80,82,N,N,644,5485,1383,436,87.0,604,3.74,1314,95,118.0,Tampa Bay Rays,1287054.0,100,102
2015,5,162,78,84,N,N,748,5640,1495,478,71.0,694,4.31,1486,97,148.0,Boston Red Sox,2880694.0,104,107
2015,1,162,88,74,N,N,751,5511,1419,503,101.0,680,4.24,1459,119,169.0,Texas Rangers,2491875.0,102,105
2015,2,162,86,76,N,N,729,5459,1363,486,121.0,572,3.57,1308,85,131.0,Houston Astros,2153585.0,97,99
2015,3,162,85,77,N,N,661,5417,1331,435,52.0,630,3.94,1355,93,108.0,Los Angeles Angels of Anaheim,3012765.0,94,95
2015,4,162,76,86,N,N,656,5544,1379,478,69.0,677,4.16,1430,94,155.0,Seattle Mariners,2193581.0,92,94
2015,5,162,68,94,N,N,694,5600,1405,475,78.0,664,4.14,1402,126,154.0,Oakland Athletics,1768175.0,97,98
2015,1,162,100,62,N,N,647,5484,1386,506,69.0,478,2.94,1359,96,159.0,St. Louis Cardinals,3520889.0,102,101
2015,2,162,98,64,N,N,697,5631,1462,461,98.0,532,3.21,1392,122,177.0,Pittsburgh Pirates,2498596.0,99,97
2015,3,162,97,65,N,N,689,5491,1341,567,95.0,546,3.36,1276,111,120.0,Chicago Cubs,2959812.0,100,101
2015,4,162,68,94,N,N,655,5480,1378,412,84.0,682,4.28,1432,116,164.0,Milwaukee Brewers,2542558.0,101,101
2015,5,162,64,98,N,N,640,5571,1382,496,134.0,700,4.33,1436,90,131.0,Cincinnati Reds,2419506.0,101,101
2015,1,162,90,72,Y,N,683,5527,1351,488,51.0,557,3.43,1341,88,131.0,New York Mets,2569753.0,94,92
2015,2,162,83,79,N,N,703,5428,1363,539,57.0,577,3.62,1366,90,125.0,Washington Nationals,2619843.0,102,99
2015,3,162,71,91,N,N,613,5463,1420,375,112.0,638,4.02,1374,77,162.0,Miami Marlins,1752235.0,98,97
2015,4,162,67,95,N,N,573,5420,1361,471,69.0,698,4.41,1462,90,186.0,Atlanta Braves,2001392.0,97,97
2015,5,162,63,99,N,N,626,5529,1374,387,88.0,749,4.69,1592,117,145.0,Philadelphia Phillies,1831080.0,98,98
2015,1,162,92,70,N,N,667,5385,1346,563,59.0,553,3.44,1317,75,133.0,Los Angeles Dodgers,3764815.0,101,98
2015,2,162,84,78,N,N,696,5565,1486,457,93.0,597,3.72,1344,78,145.0,San Francisco Giants,3375882.0,99,97
2015,3,162,79,83,N,N,720,5649,1494,490,132.0,659,4.04,1450,86,146.0,Arizona Diamondbacks,2080145.0,107,106
2015,4,162,74,88,N,N,650,5457,1324,426,82.0,655,4.09,1371,92,138.0,San Diego Padres,2459742.0,98,97
2015,5,162,68,94,N,N,737,5572,1479,388,97.0,799,5.04,1579,95,171.0,Colorado Rockies,2506789.0,119,118
